技术ID,技术名称,类别,减排率,单位成本,实施周期(月),年度运营节省,知识转移价值
C_TECH_001,AI-Powered Energy Management,Innovation,0.06,35000,4,15000,0.9
C_TECH_002,IoT Process Monitoring,Monitoring,0.04,28000,3,12000,0.85
C_TECH_003,Advanced Water Recycling,Resource,0.05,32000,5,10000,0.8
C_TECH_004,Carbon Footprint Tracking System,Monitoring,0.03,18000,2,8000,0.95
C_TECH_005,Renewable Energy Integration,Energy,0.08,55000,6,18000,0.75
C_TECH_006,Process Automation & Optimization,Efficiency,0.05,42000,4,14000,0.88
C_TECH_007,Circular Economy Model,Resource,0.06,38000,5,11000,0.92
C_TECH_008,Smart Grid Integration,Energy,0.04,30000,3,13000,0.82
C_TECH_009,Green Chemistry Adoption,Innovation,0.05,45000,6,9000,0.87
C_TECH_010,Predictive Maintenance System,Efficiency,0.03,25000,3,10000,0.84
